flight,deptime,depoff,arrtime,arroff,origin,destination,,��������,flight,旅客数量
AA0001,755,-400,1038,-700,EDB,TFB,,#REF!,AA0001EDBTFB,235.3
AA0002,1405,-700,2159,-400,TFB,EDB,,#REF!,AA0002TFBEDB,154.43
AA0003,1740,-400,2025,-700,EDB,TFB,,#REF!,AA0003EDBTFB,146.05
AA0004,840,-700,1640,-400,TFB,EDB,,#REF!,AA0004TFBEDB,233.91
AA0005,910,-400,1202,-700,EDB,MBY,,#REF!,AA0005EDBMBY,197.51
AA0006,1305,-700,2059,-400,MBY,EDB,,#REF!,AA0006MBYEDB,160.05
AA0007,1820,-400,2130,-700,FXS,TFB,,#REF!,AA0007FXSTFB,144.74
AA0008,905,-700,1718,-400,TFB,FXS,,#REF!,AA0008TFBFXS,229.76
AA0011,725,-400,1022,-700,FXS,TFB,,#REF!,AA0011FXSTFB,163.9
AA0012,900,-700,1725,-400,TFB,CPT,,#REF!,AA0012TFBCPT,226.14
AA0014,1515,-700,2322,-400,TFB,FXS,,#REF!,AA0014TFBFXS,87.18
AA0015,1825,-400,2137,-700,CPT,TFB,,#REF!,AA0015CPTTFB,205.36
AA0016,2215,-700,655,-400,TFB,NJB,,#REF!,AA0016TFBNJB,142.17
AA0017,810,-400,1144,-700,NJB,TFB,,#REF!,AA0017NJBTFB,210.45
AA0018,845,-700,1714,-400,TFB,NDP,,#REF!,AA0018TFBNDP,181.76
AA0019,1815,-400,2135,-700,NDP,TFB,,#REF!,AA0019NDPTFB,145.66
AA0020,840,-700,1438,-500,TFB,PSE,,#REF!,AA0020TFBPSE,258.42
AA0021,800,-500,1030,-700,PSE,TFB,,#REF!,AA0021PSETFB,284.24
AA0022,1245,-700,1843,-500,TFB,PSE,,#REF!,AA0022TFBPSE,152.41
AA0023,1535,-500,1802,-700,PSE,TFB,,#REF!,AA0023PSETFB,246.3
AA0024,2220,-700,645,-400,TFB,CPT,,#REF!,AA0024TFBCPT,97.8
AA0025,800,-400,1111,-700,CPT,TFB,,#REF!,AA0025CPTTFB,209.99
AA0026,1800,-700,2349,-500,TFB,PSE,,#REF!,AA0026TFBPSE,69.76
AA0029,1940,-500,2206,-700,PSE,TFB,,#REF!,AA0029PSETFB,201.55
AA0030,730,-700,1550,-400,QEY,CPT,,#REF!,AA0030QEYCPT,198.82
AA0035,1650,-400,2011,-700,CPT,QEY,,#REF!,AA0035CPTQEY,167
AA0036,705,-700,1222,-500,TFB,NTQ,,#REF!,AA0036TFBNTQ,211.51
AA0037,1315,-500,1452,-700,NTQ,TFB,,#REF!,AA0037NTQTFB,186.78
AA0038,1240,-700,1759,-500,TFB,NTQ,,#REF!,AA0038TFBNTQ,210.58
AA0039,1850,-500,2026,-700,NTQ,TFB,,#REF!,AA0039NTQTFB,191.89
AA0040,1653,-800,1747,-800,BER,BOD,,#REF!,AA0040BERBOD,35.47
AA0041,640,-800,753,-800,BOD,CFU,,#REF!,AA0041BODCFU,61.36
AA0042,844,-800,953,-800,CFU,BOD,,#REF!,AA0042CFUBOD,18.59
AA0043,1222,-800,1335,-800,BOD,CFU,,#REF!,AA0043BODCFU,98.64
AA0044,1426,-800,1536,-800,CFU,BOD,,#REF!,AA0044CFUBOD,62.57
AA0045,1842,-800,1954,-800,BOD,CFU,,#REF!,AA0045BODCFU,44.89
AA0046,2044,-800,2150,-800,CFU,BOD,,#REF!,AA0046CFUBOD,37.63
AA0047,630,-800,728,-800,BOD,BER,,#REF!,AA0047BODBER,40.31
AA0048,822,-800,913,-800,BER,BOD,,#REF!,AA0048BERBOD,41.53
AA0049,1507,-800,1604,-800,BOD,BER,,#REF!,AA0049BODBER,31.99
AA0051,1810,-800,1937,-800,GBJ,CSX,,#REF!,AA0051GBJCSX,9.17
AA0051,1635,-800,1730,-800,BOD,GBJ,,#REF!,AA0051BODGBJ,43.09
AA0052,2220,-800,2313,-800,GBJ,BOD,,#REF!,AA0052GBJBOD,30.54
AA0052,2022,-800,2140,-800,CSX,GBJ,,#REF!,AA0052CSXGBJ,15.32
AA0053,1437,-800,1620,-800,BOD,TDD,,#REF!,AA0053BODTDD,51.92
AA0054,1705,-800,1847,-800,TDD,BOD,,#REF!,AA0054TDDBOD,67.61
AA0055,1114,-800,1306,-800,CSX,BOD,,#REF!,AA0055CSXBOD,38.67
AA0055,745,-800,855,-800,GBJ,TDD,,#REF!,AA0055GBJTDD,9.86
AA0055,940,-800,1029,-800,TDD,CSX,,#REF!,AA0055TDDCSX,1.02
AA0055,605,-800,704,-800,BOD,GBJ,,#REF!,AA0055BODGBJ,45.19
AA0056,1520,-800,1842,-700,KOV,TFB,,#REF!,AA0056KOVTFB,25.99
AA0059,1300,-700,1425,-800,TFB,KOV,,#REF!,AA0059TFBKOV,60.11
AA0060,900,-800,1153,-700,LUO,TFB,,#REF!,AA0060LUOTFB,44.39
AA0060,715,-800,813,-800,KOV,LUO,,#REF!,AA0060KOVLUO,58.32
AA0061,1018,-800,1115,-800,KOV,ZBL,,#REF!,AA0061KOVZBL,19.3
AA0061,755,-700,925,-800,TFB,KOV,,#REF!,AA0061TFBKOV,59.58
AA0061,1157,-800,1243,-800,ZBL,DEW,,#REF!,AA0061ZBLDEW,0
AA0061,1325,-800,1410,-800,DEW,BOD,,#REF!,AA0061DEWBOD,15.34
AA0062,805,-800,948,-800,BOD,KOV,,#REF!,AA0062BODKOV,119.65
AA0062,600,-800,701,-800,GBJ,BOD,,#REF!,AA0062GBJBOD,86.75
AA0062,1030,-800,1110,-800,KOV,TJU,,#REF!,AA0062KOVTJU,26.43
AA0062,1327,-800,1620,-700,LUO,TFB,,#REF!,AA0062LUOTFB,43.28
AA0062,1154,-800,1246,-800,TJU,LUO,,#REF!,AA0062TJULUO,3.64
AA0064,1357,-800,1443,-800,KOV,QTH,,#REF!,AA0064KOVQTH,20.67
AA0064,1750,-800,2043,-700,LUO,TFB,,#REF!,AA0064LUOTFB,19.77
AA0064,1523,-800,1547,-800,QTH,XSH,,#REF!,AA0064QTHXSH,0.33
AA0064,1630,-800,1706,-800,XSH,LUO,,#REF!,AA0064XSHLUO,2.66
AA0064,1130,-800,1312,-800,BOD,KOV,,#REF!,AA0064BODKOV,73.09
AA0065,1245,-800,1427,-800,KOV,BOD,,#REF!,AA0065KOVBOD,62.02
AA0065,847,-800,928,-800,LUO,XSH,,#REF!,AA0065LUOXSH,6.32
AA0065,1120,-800,1158,-800,QTH,KOV,,#REF!,AA0065QTHKOV,12.38
AA0065,700,-700,802,-800,TFB,LUO,,#REF!,AA0065TFBLUO,35.05
AA0065,1013,-800,1036,-800,XSH,QTH,,#REF!,AA0065XSHQTH,0.33
AA0066,1528,-800,1620,-800,BOD,DEW,,#REF!,AA0066BODDEW,34.77
AA0066,1700,-800,1750,-800,DEW,ZBL,,#REF!,AA0066DEWZBL,0.33
AA0066,2000,-800,2319,-700,KOV,TFB,,#REF!,AA0066KOVTFB,22.51
AA0066,1830,-800,1915,-800,ZBL,KOV,,#REF!,AA0066ZBLKOV,10.28
AA0067,1642,-800,1733,-800,LUO,TJU,,#REF!,AA0067LUOTJU,12.04
AA0067,1500,-700,1558,-800,TFB,LUO,,#REF!,AA0067TFBLUO,75.14
AA0067,1815,-800,1853,-800,TJU,KOV,,#REF!,AA0067TJUKOV,19.62
AA0067,1945,-800,2123,-800,KOV,BOD,,#REF!,AA0067KOVBOD,61.58
AA0069,1850,-700,1949,-800,TFB,LUO,,#REF!,AA0069TFBLUO,37.09
AA0069,2022,-800,2118,-800,LUO,KOV,,#REF!,AA0069LUOKOV,17.58
AA0070,1950,-800,2134,-800,BOD,KOV,,#REF!,AA0070BODKOV,67.1
AA0070,2215,-800,2254,-800,KOV,TJU,,#REF!,AA0070KOVTJU,14.32
AA0072,800,-800,1118,-700,KOV,TFB,,#REF!,AA0072KOVTFB,109.42
AA0073,600,-800,641,-800,TJU,KOV,,#REF!,AA0073TJUKOV,29.24
AA0073,730,-800,909,-800,KOV,BOD,,#REF!,AA0073KOVBOD,69.48
AA0075,1105,-700,1230,-800,TFB,KOV,,#REF!,AA0075TFBKOV,105.81
AA0076,1325,-800,1645,-700,KOV,TFB,,#REF!,AA0076KOVTFB,56.14
AA0079,2015,-700,2144,-800,TFB,KOV,,#REF!,AA0079TFBKOV,77.57
AA0080,1030,-800,1455,-700,BOD,TFB,,#REF!,AA0080BODTFB,60.14
AA0081,600,-700,831,-800,TFB,BOD,,#REF!,AA0081TFBBOD,100.88
AA0082,930,-800,1354,-700,BOD,TFB,,#REF!,AA0082BODTFB,77.27
AA0083,800,-700,1030,-800,TFB,BOD,,#REF!,AA0083TFBBOD,197.48
AA0084,1130,-800,1550,-700,BOD,TFB,,#REF!,AA0084BODTFB,80.64
AA0086,1700,-800,2125,-700,BOD,TFB,,#REF!,AA0086BODTFB,53.25
AA0087,1000,-700,1222,-800,TFB,BOD,,#REF!,AA0087TFBBOD,123.58
AA0089,1100,-700,1330,-800,TFB,BOD,,#REF!,AA0089TFBBOD,106.47
AA0090,1530,-800,1954,-700,BOD,TFB,,#REF!,AA0090BODTFB,50.13
AA0092,1430,-800,1850,-700,BOD,TFB,,#REF!,AA0092BODTFB,101.02
AA0093,1445,-700,1720,-800,TFB,BOD,,#REF!,AA0093TFBBOD,90.58
AA0094,1810,-800,2235,-700,BOD,TFB,,#REF!,AA0094BODTFB,46.83
AA0095,1730,-700,2001,-800,TFB,BOD,,#REF!,AA0095TFBBOD,32.81
AA0096,1000,-800,1425,-700,BOD,TFB,,#REF!,AA0096BODTFB,72.56
AA0097,1205,-700,1434,-800,TFB,BOD,,#REF!,AA0097TFBBOD,137.22
AA0098,1630,-800,2052,-700,BOD,TFB,,#REF!,AA0098BODTFB,50.89
AA0099,1315,-700,1542,-800,TFB,BOD,,#REF!,AA0099TFBBOD,113.62
AA0101,1545,-700,1817,-800,TFB,BOD,,#REF!,AA0101TFBBOD,67.28
AA0103,2125,-700,2356,-800,TFB,BOD,,#REF!,AA0103TFBBOD,59.66
AA0104,1912,-800,2329,-700,BOD,TFB,,#REF!,AA0104BODTFB,34.4
AA0106,2120,-800,142,-700,BOD,TFB,,#REF!,AA0106BODTFB,21.91
AA0107,2015,-700,2245,-800,TFB,BOD,,#REF!,AA0107TFBBOD,47.34
AA0108,30,-800,459,-700,BOD,TFB,,#REF!,AA0108BODTFB,82.52
AA0109,1855,-700,2123,-800,TFB,BOD,,#REF!,AA0109TFBBOD,63.14
AA0111,2055,-700,2329,-800,TFB,BOD,,#REF!,AA0111TFBBOD,27.73
AA0112,130,-800,555,-700,BOD,TFB,,#REF!,AA0112BODTFB,66.29
AA0114,230,-800,650,-700,BOD,TFB,,#REF!,AA0114BODTFB,55.5
AA0117,700,-700,935,-800,TFB,BOD,,#REF!,AA0117TFBBOD,59.77
AA0119,1630,-700,1901,-800,TFB,BOD,,#REF!,AA0119TFBBOD,91.93
AA0120,720,-800,1145,-700,BOD,TFB,,#REF!,AA0120BODTFB,182.48
AA0121,2345,-700,217,-800,TFB,BOD,,#REF!,AA0121TFBBOD,47.96
AA0122,1720,-800,2155,-700,GBJ,TFB,,#REF!,AA0122GBJTFB,54.01
AA0123,1345,-700,1629,-800,TFB,GBJ,,#REF!,AA0123TFBGBJ,198.09
AA0124,845,-800,1320,-700,GBJ,TFB,,#REF!,AA0124GBJTFB,82.18
AA0125,2255,-700,140,-800,TFB,GBJ,,#REF!,AA0125TFBGBJ,86.03
AA0126,615,-800,1053,-700,GBJ,TFB,,#REF!,AA0126GBJTFB,77.52
AA0127,2140,-700,25,-800,TFB,GBJ,,#REF!,AA0127TFBGBJ,50.13
AA0128,130,-800,600,-700,GBJ,TFB,,#REF!,AA0128GBJTFB,96.36
AA0129,1950,-700,2237,-800,TFB,GBJ,,#REF!,AA0129TFBGBJ,138.41
AA0132,55,-800,538,-700,BOD,QEY,,#REF!,AA0132BODQEY,80.27
AA0134,700,-800,1143,-700,BOD,QEY,,#REF!,AA0134BODQEY,53.65
AA0135,1235,-700,1515,-800,QEY,BOD,,#REF!,AA0135QEYBOD,95.88
AA0136,1155,-800,1635,-700,BOD,QEY,,#REF!,AA0136BODQEY,82.51
AA0137,1740,-700,2019,-800,QEY,BOD,,#REF!,AA0137QEYBOD,117.56
AA0138,2315,-800,825,-500,BOD,PSE,,#REF!,AA0138BODPSE,1.02
AA0139,940,-500,1311,-800,PSE,BOD,,#REF!,AA0139PSEBOD,203.24
AA0143,2125,-700,5,-800,QEY,BOD,,#REF!,AA0143QEYBOD,52.35
AA0151,600,-800,734,-800,BOD,PUA,,#REF!,AA0151BODPUA,53.93
AA0151,951,-800,1115,-800,PNF,BOD,,#REF!,AA0151PNFBOD,16.25
AA0151,823,-800,905,-800,PUA,PNF,,#REF!,AA0151PUAPNF,0.33
AA0152,1316,-800,1357,-800,PNF,PUA,,#REF!,AA0152PNFPUA,2
AA0152,1446,-800,1614,-800,PUA,BOD,,#REF!,AA0152PUABOD,51
AA0152,1055,-800,1228,-800,BOD,PNF,,#REF!,AA0152BODPNF,58.33
AA0153,1720,-800,1851,-800,BOD,PUA,,#REF!,AA0153BODPUA,24.41
AA0153,2106,-800,2230,-800,PNF,BOD,,#REF!,AA0153PNFBOD,23.79
AA0153,1936,-800,2019,-800,PUA,PNF,,#REF!,AA0153PUAPNF,2.99
AA0181,700,-800,759,-800,BOD,GBJ,,#REF!,AA0181BODGBJ,79.7
AA0182,800,-800,901,-800,GBJ,BOD,,#REF!,AA0182GBJBOD,83.39
AA0183,1000,-800,1056,-800,BOD,GBJ,,#REF!,AA0183BODGBJ,68.45
AA0184,1140,-800,1240,-800,GBJ,BOD,,#REF!,AA0184GBJBOD,60.19
AA0187,1355,-800,1451,-800,BOD,GBJ,,#REF!,AA0187BODGBJ,46.55
AA0188,1535,-800,1635,-800,GBJ,BOD,,#REF!,AA0188GBJBOD,51.48
AA0189,1520,-800,1618,-800,BOD,GBJ,,#REF!,AA0189BODGBJ,50.98
AA0190,1700,-800,1800,-800,GBJ,BOD,,#REF!,AA0190GBJBOD,78.65
AA0191,1900,-800,1957,-800,BOD,GBJ,,#REF!,AA0191BODGBJ,69.36
AA0192,2040,-800,2137,-800,GBJ,BOD,,#REF!,AA0192GBJBOD,63.25
AA0195,2310,-800,6,-800,BOD,GBJ,,#REF!,AA0195BODGBJ,4.95
AA0211,1503,-600,1655,-700,NAU,MBY,,#REF!,AA0211NAUMBY,156.49
AA0212,1037,-700,1408,-600,MBY,NAU,,#REF!,AA0212MBYNAU,180.15
AA0220,1047,-700,1620,-500,TGP,QWS,,#REF!,AA0220TGPQWS,77.57
AA0220,725,-700,936,-700,TFB,TGP,,#REF!,AA0220TFBTGP,180.49
AA0223,745,-500,945,-700,NFY,MBY,,#REF!,AA0223NFYMBY,167.06
AA0225,1605,-600,1817,-700,TKE,TGP,,#REF!,AA0225TKETGP,142.96
AA0225,2030,-700,2210,-700,TGP,QEY,,#REF!,AA0225TGPQEY,98.68
AA0226,1940,-700,2140,-700,TFB,TKD,,#REF!,AA0226TFBTKD,136.44
AA0226,2255,-700,428,-500,TKD,HEM,,#REF!,AA0226TKDHEM,134.41
AA0227,925,-700,1130,-700,TKD,TFB,,#REF!,AA0227TKDTFB,144.04
AA0227,600,-500,755,-700,HEM,TKD,,#REF!,AA0227HEMTKD,191.11
AA0231,2040,-700,2235,-700,TGP,TFB,,#REF!,AA0231TGPTFB,89.69
AA0231,1715,-500,1906,-700,QWS,TGP,,#REF!,AA0231QWSTGP,85.15
AA0232,1020,-700,1326,-600,TBO,TKE,,#REF!,AA0232TBOTKE,83.69
AA0232,645,-700,923,-700,TFB,TBO,,#REF!,AA0232TFBTBO,111.36
AA0233,1420,-600,1529,-700,TKE,TBO,,#REF!,AA0233TKETBO,124.91
AA0233,1705,-700,1950,-700,TBO,TFB,,#REF!,AA0233TBOTFB,116.48
AA0234,1104,-700,1513,-600,TGP,TKE,,#REF!,AA0234TGPTKE,62.53
AA0234,805,-700,954,-700,QEY,TGP,,#REF!,AA0234QEYTGP,157.11
AA0242,155,-700,655,-500,MBY,HEM,,#REF!,AA0242MBYHEM,205.38
AA0243,805,-500,930,-700,HEM,MBY,,#REF!,AA0243HEMMBY,180.75
AA0244,700,-700,937,-700,TFB,MBY,,#REF!,AA0244TFBMBY,174.23
AA0244,1037,-700,1604,-500,MBY,NFY,,#REF!,AA0244MBYNFY,201.67
AA0245,1704,-500,1908,-700,NFY,MBY,,#REF!,AA0245NFYMBY,226.49
AA0245,2110,-700,2350,-700,MBY,TFB,,#REF!,AA0245MBYTFB,148.87
AA0248,1145,-700,1650,-500,MBY,HEM,,#REF!,AA0248MBYHEM,191.22
AA0249,1755,-500,1922,-700,HEM,MBY,,#REF!,AA0249HEMMBY,237.54
AA0250,1055,-700,1411,-600,MBY,TKE,,#REF!,AA0250MBYTKE,147.95
AA0251,1505,-600,1639,-700,TKE,MBY,,#REF!,AA0251TKEMBY,252.37
AA0252,1235,-700,1558,-600,MBY,TKE,,#REF!,AA0252MBYTKE,64.27
AA0254,1015,-700,1507,-500,MBY,QWS,,#REF!,AA0254MBYQWS,147.21
AA0255,1650,-600,1828,-700,TKE,MBY,,#REF!,AA0255TKEMBY,179.36
AA0256,105,-700,634,-500,MBY,NFY,,#REF!,AA0256MBYNFY,175.48
AA0259,1605,-500,1721,-700,QWS,MBY,,#REF!,AA0259QWSMBY,283.34
AA0300,2050,-700,2254,-700,TFB,TGP,,#REF!,AA0300TFBTGP,81.34
AA0302,2115,-700,2237,-700,TGP,QTQ,,#REF!,AA0302TGPQTQ,22.31
AA0302,1755,-700,2004,-700,TFB,TGP,,#REF!,AA0302TFBTGP,127.16
AA0303,1010,-700,1214,-700,TGP,TFB,,#REF!,AA0303TGPTFB,159.49
AA0304,625,-700,831,-700,TFB,TGP,,#REF!,AA0304TFBTGP,126.61
AA0305,1300,-700,1505,-700,TGP,TFB,,#REF!,AA0305TGPTFB,172.6
AA0307,920,-700,1126,-700,TGP,TFB,,#REF!,AA0307TGPTFB,147.24
AA0307,700,-700,832,-700,QTQ,TGP,,#REF!,AA0307QTQTGP,188.99
AA0312,1502,-700,1626,-700,TGP,QTQ,,#REF!,AA0312TGPQTQ,97.3
AA0312,1210,-700,1418,-700,TFB,TGP,,#REF!,AA0312TFBTGP,113.83
AA0313,1650,-700,1853,-700,TGP,TFB,,#REF!,AA0313TGPTFB,175.96
AA0315,700,-700,904,-700,TGP,TFB,,#REF!,AA0315TGPTFB,186.19
AA0316,1400,-700,1605,-700,TFB,TGP,,#REF!,AA0316TFBTGP,107.44
AA0317,1940,-700,2140,-700,TGP,TFB,,#REF!,AA0317TGPTFB,131.58
AA0317,1725,-700,1855,-700,QTQ,TGP,,#REF!,AA0317QTQTGP,176.81
AA0318,955,-700,1203,-700,TFB,TGP,,#REF!,AA0318TFBTGP,148.38
AA0320,645,-700,847,-700,TFB,TKD,,#REF!,AA0320TFBTKD,185.59
AA0323,630,-700,829,-700,TKD,TFB,,#REF!,AA0323TKDTFB,131.28
AA0324,920,-700,1122,-700,TFB,TKD,,#REF!,AA0324TFBTKD,187.78
AA0325,1205,-700,1403,-700,TKD,TFB,,#REF!,AA0325TKDTFB,145.24
AA0326,1225,-700,1427,-700,TFB,TKD,,#REF!,AA0326TFBTKD,111.44
AA0327,1515,-700,1713,-700,TKD,TFB,,#REF!,AA0327TKDTFB,166.06
AA0328,1600,-700,1803,-700,TFB,TKD,,#REF!,AA0328TFBTKD,134.37
AA0329,1850,-700,2049,-700,TKD,TFB,,#REF!,AA0329TKDTFB,159.04
AA0342,610,-700,810,-700,TFB,PBL,,#REF!,AA0342TFBPBL,128.72
AA0343,1750,-700,1943,-700,PBL,TFB,,#REF!,AA0343PBLTFB,157.69
AA0344,1505,-700,1707,-700,TFB,PBL,,#REF!,AA0344TFBPBL,103.87
AA0346,1725,-700,1928,-700,TFB,PBL,,#REF!,AA0346TFBPBL,74.1
AA0347,630,-700,826,-700,PBL,TFB,,#REF!,AA0347PBLTFB,138.64
AA0349,2010,-700,2204,-700,PBL,TFB,,#REF!,AA0349PBLTFB,73.11
AA0354,2035,-700,2235,-700,TFB,PBL,,#REF!,AA0354TFBPBL,49.65
AA0357,1000,-700,1154,-700,PBL,TFB,,#REF!,AA0357PBLTFB,172.32
AA0362,1330,-700,1517,-700,TFB,TNG,,#REF!,AA0362TFBTNG,96.64
AA0363,1600,-700,1748,-700,TNG,TFB,,#REF!,AA0363TNGTFB,137.77
AA0365,945,-700,1133,-700,TNG,TFB,,#REF!,AA0365TNGTFB,179.13
AA0368,835,-700,1016,-700,TFB,TNG,,#REF!,AA0368TFBTNG,153.06
AA0372,2025,-700,2205,-700,TFB,TNG,,#REF!,AA0372TFBTNG,55.17
AA0373,1100,-700,1247,-700,TNG,TFB,,#REF!,AA0373TNGTFB,192.56
AA0385,700,-700,841,-700,TGP,QEY,,#REF!,AA0385TGPQEY,91.79
AA0388,1850,-700,2045,-700,QEY,TGP,,#REF!,AA0388QEYTGP,112.99
AA0400,610,-700,754,-700,QEY,TKD,,#REF!,AA0400QEYTKD,180.56
AA0401,1830,-700,2011,-700,TKD,QEY,,#REF!,AA0401TKDQEY,77.34
AA0403,840,-700,1021,-700,TKD,QEY,,#REF!,AA0403TKDQEY,94.81
AA0404,1600,-700,1744,-700,QEY,TKD,,#REF!,AA0404QEYTKD,69.7
AA0450,2035,-700,2309,-700,TFB,MBY,,#REF!,AA0450TFBMBY,62.1
AA0451,720,-700,1000,-700,MBY,TFB,,#REF!,AA0451MBYTFB,206.67
AA0452,1210,-700,1445,-700,TFB,MBY,,#REF!,AA0452TFBMBY,135.55
AA0453,1005,-700,1244,-700,MBY,TFB,,#REF!,AA0453MBYTFB,191.97
AA0454,600,-700,837,-700,TFB,MBY,,#REF!,AA0454TFBMBY,160.92
AA0456,800,-700,1038,-700,TFB,MBY,,#REF!,AA0456TFBMBY,148.35
AA0457,1720,-700,1957,-700,MBY,TFB,,#REF!,AA0457MBYTFB,199.94
AA0458,900,-700,1140,-700,TFB,MBY,,#REF!,AA0458TFBMBY,215.61
AA0460,1045,-700,1320,-700,TFB,MBY,,#REF!,AA0460TFBMBY,149.59
AA0461,1255,-700,1534,-700,MBY,TFB,,#REF!,AA0461MBYTFB,171.35
AA0462,2120,-700,2351,-700,TFB,MBY,,#REF!,AA0462TFBMBY,47.11
AA0463,2020,-700,2255,-700,MBY,TFB,,#REF!,AA0463MBYTFB,168.34
AA0465,1600,-700,1836,-700,MBY,TFB,,#REF!,AA0465MBYTFB,199.65
AA0467,1430,-700,1710,-700,MBY,TFB,,#REF!,AA0467MBYTFB,157.77
AA0469,830,-700,1108,-700,MBY,TFB,,#REF!,AA0469MBYTFB,226.96
AA0470,1405,-700,1635,-700,TFB,MBY,,#REF!,AA0470TFBMBY,117.72
AA0471,1935,-700,2210,-700,MBY,TFB,,#REF!,AA0471MBYTFB,258.07
AA0472,1135,-700,1414,-700,TFB,TBO,,#REF!,AA0472TFBTBO,117.48
AA0474,1850,-700,2122,-700,TFB,MBY,,#REF!,AA0474TFBMBY,123.5
AA0476,1655,-700,1932,-700,TFB,MBY,,#REF!,AA0476TFBMBY,115.99
AA0477,610,-700,859,-700,MBY,TFB,,#REF!,AA0477MBYTFB,234.6
AA0479,2100,-700,2319,-700,MBY,QEY,,#REF!,AA0479MBYQEY,174.75
AA0480,805,-700,1046,-700,TFB,TBO,,#REF!,AA0480TFBTBO,111.22
AA0481,1000,-700,1251,-700,TBO,TFB,,#REF!,AA0481TBOTFB,155.52
AA0482,1550,-700,1828,-700,TFB,TBO,,#REF!,AA0482TFBTBO,106.31
AA0483,1135,-700,1425,-700,TBO,TFB,,#REF!,AA0483TBOTFB,151.36
AA0484,1955,-700,2236,-700,TFB,TBO,,#REF!,AA0484TFBTBO,62.56
AA0485,1915,-700,2208,-700,TBO,TFB,,#REF!,AA0485TBOTFB,176.26
AA0487,1500,-700,1745,-700,TBO,TFB,,#REF!,AA0487TBOTFB,159.05
AA0488,955,-700,1235,-700,TFB,TBO,,#REF!,AA0488TFBTBO,123.62
AA0491,1320,-700,1606,-700,TBO,TFB,,#REF!,AA0491TBOTFB,159.78
AA0493,630,-700,930,-700,TBO,TFB,,#REF!,AA0493TBOTFB,159.87
AA0494,1355,-700,1641,-700,TFB,TBO,,#REF!,AA0494TFBTBO,99.24
AA0495,800,-700,1049,-700,TBO,TFB,,#REF!,AA0495TBOTFB,197.26
AA0498,1755,-700,2035,-700,TFB,TBO,,#REF!,AA0498TFBTBO,66.25
AA0501,1015,-700,1252,-700,TOB,TFB,,#REF!,AA0501TOBTFB,156.02
AA0502,650,-700,928,-700,TFB,TOB,,#REF!,AA0502TFBTOB,150.94
AA0503,1200,-700,1438,-700,TOB,TFB,,#REF!,AA0503TOBTFB,180.23
AA0504,830,-700,1108,-700,TFB,TOB,,#REF!,AA0504TFBTOB,147.07
AA0505,1955,-700,2232,-700,TOB,TFB,,#REF!,AA0505TOBTFB,206.77
AA0507,1507,-700,1746,-700,TOB,TFB,,#REF!,AA0507TOBTFB,154.04
AA0508,1147,-700,1425,-700,TFB,TOB,,#REF!,AA0508TFBTOB,141.33
AA0511,1755,-700,2037,-700,TOB,TFB,,#REF!,AA0511TOBTFB,201.07
AA0512,1430,-700,1709,-700,TFB,TOB,,#REF!,AA0512TFBTOB,161.15
AA0514,1635,-700,1912,-700,TFB,TOB,,#REF!,AA0514TFBTOB,133.75
AA0515,700,-700,1000,-700,TOB,TFB,,#REF!,AA0515TOBTFB,148.68
AA0516,1832,-700,2110,-700,TFB,TOB,,#REF!,AA0516TFBTOB,101.16
AA0517,800,-700,1045,-700,TOB,TFB,,#REF!,AA0517TOBTFB,142.04
AA0518,1942,-700,2219,-700,TFB,TOB,,#REF!,AA0518TFBTOB,76.57
AA0520,1540,-700,1800,-700,TFB,CVS,,#REF!,AA0520TFBCVS,98.11
AA0521,1845,-700,2115,-700,CVS,TFB,,#REF!,AA0521CVSTFB,190.68
AA0522,810,-700,1031,-700,TFB,CVS,,#REF!,AA0522TFBCVS,190.22
AA0524,1835,-700,2058,-700,TFB,CVS,,#REF!,AA0524TFBCVS,114.36
AA0527,810,-700,1043,-700,CVS,TFB,,#REF!,AA0527CVSTFB,176.64
AA0529,1115,-700,1346,-700,CVS,TFB,,#REF!,AA0529CVSTFB,140.02
AA0530,710,-700,940,-700,TFB,POU,,#REF!,AA0530TFBPOU,156.47
AA0531,1755,-700,2030,-700,POU,TFB,,#REF!,AA0531POUTFB,179.74
AA0533,1025,-700,1303,-700,POU,TFB,,#REF!,AA0533POUTFB,209.04
AA0536,2045,-700,2314,-700,TFB,POU,,#REF!,AA0536TFBPOU,70.98
AA0538,1440,-700,1710,-700,TFB,POU,,#REF!,AA0538TFBPOU,137.48
AA0539,630,-700,914,-700,POU,TFB,,#REF!,AA0539POUTFB,151.83
AA0549,1510,-700,1800,-700,QTQ,TFB,,#REF!,AA0549QTQTFB,181.83
AA0558,1145,-700,1426,-700,TFB,QTQ,,#REF!,AA0558TFBQTQ,125.48
AA0560,655,-700,916,-700,QEY,MBY,,#REF!,AA0560QEYMBY,260.91
AA0561,615,-700,841,-700,MBY,QEY,,#REF!,AA0561MBYQEY,147.2
AA0562,950,-700,1215,-700,QEY,MBY,,#REF!,AA0562QEYMBY,192.41
AA0563,800,-700,1025,-700,MBY,QEY,,#REF!,AA0563MBYQEY,205.02
AA0564,1120,-700,1338,-700,QEY,MBY,,#REF!,AA0564QEYMBY,221.47
AA0565,1705,-700,1923,-700,MBY,QEY,,#REF!,AA0565MBYQEY,269.93
AA0566,2035,-700,2250,-700,QEY,MBY,,#REF!,AA0566QEYMBY,106.32
AA0568,1730,-700,1951,-700,QEY,MBY,,#REF!,AA0568QEYMBY,161.09
AA0569,1325,-700,1550,-700,MBY,QEY,,#REF!,AA0569MBYQEY,258.38
AA0573,640,-700,918,-700,TBO,QEY,,#REF!,AA0573TBOQEY,148.44
AA0574,2045,-700,2310,-700,QEY,TBO,,#REF!,AA0574QEYTBO,52.65
AA0575,1410,-700,1642,-700,TBO,QEY,,#REF!,AA0575TBOQEY,191.34
AA0576,640,-700,910,-700,QEY,TBO,,#REF!,AA0576QEYTBO,88.38
AA0578,1100,-700,1326,-700,QEY,TBO,,#REF!,AA0578QEYTBO,177.32
AA0579,1810,-700,2039,-700,TBO,QEY,,#REF!,AA0579TBOQEY,140.92
AA0580,1105,-700,1331,-700,QEY,TOB,,#REF!,AA0580QEYTOB,142.66
AA0581,645,-700,928,-700,TOB,QEY,,#REF!,AA0581TOBQEY,120.97
AA0582,650,-700,918,-700,QEY,TOB,,#REF!,AA0582QEYTOB,130.4
AA0583,1415,-700,1638,-700,TOB,QEY,,#REF!,AA0583TOBQEY,188.63
AA0584,1545,-700,1813,-700,QEY,TOB,,#REF!,AA0584QEYTOB,74.82
AA0585,1855,-700,2116,-700,TOB,QEY,,#REF!,AA0585TOBQEY,117.99
AA0587,1000,-700,1224,-700,TOB,QEY,,#REF!,AA0587TOBQEY,155.57
AA0590,1935,-700,2158,-700,QEY,TOB,,#REF!,AA0590QEYTOB,40.07
AA0600,600,-700,822,-700,TFB,MBT,,#REF!,AA0600TFBMBT,99.2
AA0603,700,-700,938,-700,MBT,TFB,,#REF!,AA0603MBTTFB,215
AA0604,1110,-700,1337,-700,TFB,MBT,,#REF!,AA0604TFBMBT,140.46
AA0605,1310,-700,1543,-700,MBT,TFB,,#REF!,AA0605MBTTFB,169.17
AA0606,1010,-700,1230,-700,TFB,MBT,,#REF!,AA0606TFBMBT,207.72
AA0607,1422,-700,1655,-700,MBT,TFB,,#REF!,AA0607MBTTFB,183.77
AA0608,825,-700,1045,-700,TFB,MBT,,#REF!,AA0608TFBMBT,244.1
AA0609,1955,-700,2230,-700,MBT,TFB,,#REF!,AA0609MBTTFB,174.67
AA0610,1250,-700,1516,-700,TFB,MBT,,#REF!,AA0610TFBMBT,123.19
AA0611,1600,-700,1833,-700,MBT,TFB,,#REF!,AA0611MBTTFB,229.26
AA0612,1400,-700,1624,-700,TFB,MBT,,#REF!,AA0612TFBMBT,140.23
AA0613,2155,-700,26,-700,MBT,TFB,,#REF!,AA0613MBTTFB,156.61
AA0614,2055,-700,2314,-700,TFB,MBT,,#REF!,AA0614TFBMBT,35.78
AA0615,1710,-700,1950,-700,MBT,TFB,,#REF!,AA0615MBTTFB,236.23
AA0618,1845,-700,2106,-700,TFB,MBT,,#REF!,AA0618TFBMBT,64.1
AA0619,910,-700,1148,-700,MBT,TFB,,#REF!,AA0619MBTTFB,186.73
AA0620,1740,-700,1950,-700,QEY,MBT,,#REF!,AA0620QEYMBT,95.97
AA0621,2035,-700,2249,-700,MBT,QEY,,#REF!,AA0621MBTQEY,148.51
AA0622,1320,-700,1531,-700,QEY,MBT,,#REF!,AA0622QEYMBT,172.25
AA0623,1615,-700,1832,-700,MBT,QEY,,#REF!,AA0623MBTQEY,161.75
AA0625,1220,-700,1440,-700,MBT,QEY,,#REF!,AA0625MBTQEY,150.21
AA0626,925,-700,1135,-700,QEY,MBT,,#REF!,AA0626QEYMBT,157.54
AA0628,1000,-700,1225,-700,CMJ,MBT,,#REF!,AA0628CMJMBT,247.4
AA0629,715,-700,935,-700,MBT,QEY,,#REF!,AA0629MBTQEY,211.62
AA0630,1035,-700,1322,-700,TFB,QIY,,#REF!,AA0630TFBQIY,127.57
AA0631,612,-700,910,-700,QIY,TFB,,#REF!,AA0631QIYTFB,181.17
AA0632,730,-700,1015,-700,TFB,QIY,,#REF!,AA0632TFBQIY,175.19
AA0633,1410,-700,1704,-700,QIY,TFB,,#REF!,AA0633QIYTFB,217.24
AA0634,640,-700,918,-700,QEY,QIY,,#REF!,AA0634QEYQIY,96.27
AA0635,1600,-700,1855,-700,QIY,TFB,,#REF!,AA0635QIYTFB,271.31
AA0636,1218,-700,1513,-700,TFB,QIY,,#REF!,AA0636TFBQIY,81.09
AA0637,1855,-700,2155,-700,QIY,TFB,,#REF!,AA0637QIYTFB,161.09
AA0638,1515,-700,1806,-700,TFB,QIY,,#REF!,AA0638TFBQIY,85.2
AA0641,1545,-700,1848,-700,UVT,TFB,,#REF!,AA0641UVTTFB,159.13
AA0642,1925,-700,2212,-700,TFB,QIY,,#REF!,AA0642TFBQIY,52.41
AA0645,1105,-700,1405,-700,QIY,TFB,,#REF!,AA0645QIYTFB,154.62
AA0646,1645,-700,1911,-700,CMJ,MBT,,#REF!,AA0646CMJMBT,106.69
AA0647,1315,-700,1555,-700,MBT,CMJ,,#REF!,AA0647MBTCMJ,211.64
AA0648,1150,-700,1444,-700,TFB,UVT,,#REF!,AA0648TFBUVT,114.62
AA0649,1135,-700,1415,-700,MBT,CMJ,,#REF!,AA0649MBTCMJ,217.29
AA0650,1340,-700,1615,-700,QEY,QIY,,#REF!,AA0650QEYQIY,101.29
AA0657,1705,-700,1948,-700,QIY,QEY,,#REF!,AA0657QIYQEY,203.98
AA0659,1005,-700,1249,-700,QIY,QEY,,#REF!,AA0659QIYQEY,187.83
AA0660,1230,-700,1822,-500,TFB,EGX,,#REF!,AA0660TFBEGX,184.81
AA0661,1400,-500,1613,-700,EGX,TFB,,#REF!,AA0661EGXTFB,196.98
AA0663,1912,-500,2130,-700,EGX,TFB,,#REF!,AA0663EGXTFB,120.13
AA0664,1810,-700,2356,-500,TFB,EGX,,#REF!,AA0664TFBEGX,50.11
AA0665,700,-500,912,-700,EGX,TFB,,#REF!,AA0665EGXTFB,164.75
AA0668,1125,-700,1717,-500,TFB,BVT,,#REF!,AA0668TFBBVT,216.8
AA0670,715,-700,1305,-500,TFB,EGX,,#REF!,AA0670TFBEGX,128.26
AA0671,1810,-500,2030,-700,BVT,TFB,,#REF!,AA0671BVTTFB,191.08
AA0672,1245,-700,1620,-600,TFB,EFO,,#REF!,AA0672TFBEFO,174.76
AA0673,1710,-600,1902,-700,EFO,TFB,,#REF!,AA0673EFOTFB,177.12
AA0676,735,-700,1110,-600,TFB,EFO,,#REF!,AA0676TFBEFO,223.83
AA0678,1750,-700,2122,-600,TFB,EFO,,#REF!,AA0678TFBEFO,95.31
AA0679,1200,-600,1350,-700,EFO,TFB,,#REF!,AA0679EFOTFB,206.97
AA0683,1715,-500,1938,-700,PSE,QEY,,#REF!,AA0683PSEQEY,169.1
AA0685,800,-600,951,-700,EFO,TFB,,#REF!,AA0685EFOTFB,186
AA0686,1020,-700,1622,-500,QEY,PSE,,#REF!,AA0686QEYPSE,144.21
AA0690,1200,-700,1258,-700,TFB,HFH,,#REF!,AA0690TFBHFH,43.31
AA0691,1340,-700,1440,-700,HFH,TFB,,#REF!,AA0691HFHTFB,93.39
AA0693,800,-700,902,-700,HFH,TFB,,#REF!,AA0693HFHTFB,146.55
AA0694,2000,-700,2056,-700,TFB,HFH,,#REF!,AA0694TFBHFH,46.98
AA0698,2300,-700,2358,-700,TFB,HFH,,#REF!,AA0698TFBHFH,34.06
AA0699,600,-700,704,-700,HFH,TFB,,#REF!,AA0699HFHTFB,138.56
AA0703,1430,-700,1722,-700,MBY,ZWS,,#REF!,AA0703MBYZWS,159.35
AA0704,1320,-700,1612,-700,ZWS,MBY,,#REF!,AA0704ZWSMBY,120.94
AA0706,1815,-700,2105,-700,ZWS,MBY,,#REF!,AA0706ZWSMBY,128.14
AA0707,2100,-700,2359,-700,MBY,ZWS,,#REF!,AA0707MBYZWS,62.69
AA0708,620,-700,910,-700,ZWS,MBY,,#REF!,AA0708ZWSMBY,80.4
AA0709,930,-700,1222,-700,MBY,ZWS,,#REF!,AA0709MBYZWS,214.81
AA0711,1840,-700,2142,-700,MBY,ZWS,,#REF!,AA0711MBYZWS,102.41
AA0712,840,-700,1135,-700,ZWS,MBY,,#REF!,AA0712ZWSMBY,111.6
AA0730,1140,-700,1755,-500,TFB,JBI,,#REF!,AA0730TFBJBI,156.84
AA0730,620,-800,1045,-700,BOD,TFB,,#REF!,AA0730BODTFB,116.19
AA0731,2220,-700,50,-800,TFB,BOD,,#REF!,AA0731TFBBOD,49.83
AA0731,1845,-500,2125,-700,JBI,TFB,,#REF!,AA0731JBITFB,175.52
AA0742,915,-700,1700,-400,TFB,BUM,,#REF!,AA0742TFBBUM,214.35
AA0743,1800,-400,2024,-700,BUM,TFB,,#REF!,AA0743BUMTFB,199.95
AA0754,1135,-700,1720,-500,TFB,TUM,,#REF!,AA0754TFBTUM,201.71
AA0755,1810,-500,2028,-700,TUM,TFB,,#REF!,AA0755TUMTFB,198.92
AA0758,1045,-700,1615,-500,TFB,NDJ,,#REF!,AA0758TFBNDJ,135.53
AA0759,1705,-500,1900,-700,NDJ,TFB,,#REF!,AA0759NDJTFB,179.2
AA0809,835,-700,1127,-1000,QEY,PHH,,#REF!,AA0809QEYPHH,152.77
AA0810,1100,-1000,1943,-700,LPB,TFB,,#REF!,AA0810LPBTFB,199.49
AA0812,1500,-1000,2259,-700,PHH,TKD,,#REF!,AA0812PHHTKD,159.07
AA0820,1800,-700,1950,-700,TNG,TFB,,#REF!,AA0820TNGTFB,105.16
AA0820,900,-1000,1703,-700,PHH,TNG,,#REF!,AA0820PHHTNG,119.86
AA0821,1915,-700,2138,-1000,TNG,PHH,,#REF!,AA0821TNGPHH,113.71
AA0821,1600,-700,1745,-700,TFB,TNG,,#REF!,AA0821TFBTNG,87.26
AA0823,940,-700,1158,-1000,PBL,LPB,,#REF!,AA0823PBLLPB,163.82
AA0825,705,-700,946,-1000,TBO,PHH,,#REF!,AA0825TBOPHH,165.53
AA0828,1305,-1000,2111,-700,LPB,PBL,,#REF!,AA0828LPBPBL,193.78
AA0830,1130,-1000,2005,-700,IOM,QEY,,#REF!,AA0830IOMQEY,212.33
AA0835,920,-700,1145,-1000,PBL,IOM,,#REF!,AA0835PBLIOM,161.43
AA0836,1405,-1000,2205,-700,IOM,PBL,,#REF!,AA0836IOMPBL,207.14
AA0837,950,-700,1215,-1000,TKD,IOM,,#REF!,AA0837TKDIOM,153.76
AA0838,1245,-1000,2045,-700,IOM,TKD,,#REF!,AA0838IOMTKD,182.93
AA0841,810,-700,1026,-1000,PBL,PHH,,#REF!,AA0841PBLPHH,170.23
AA0843,1020,-700,1330,-1000,TFB,LPB,,#REF!,AA0843TFBLPB,138.98
AA0845,1545,-700,1845,-1000,CMJ,IOM,,#REF!,AA0845CMJIOM,131.06
AA0846,1230,-1000,2047,-700,MJI,PBL,,#REF!,AA0846MJIPBL,185.24
AA0848,1345,-1000,2152,-700,MJI,TKD,,#REF!,AA0848MJITKD,151.37
AA0850,1230,-1000,2031,-700,PHH,PBL,,#REF!,AA0850PHHPBL,153.58
AA0851,1110,-700,1418,-1000,TFB,IOM,,#REF!,AA0851TFBIOM,196.82
AA0852,1314,-1000,2200,-700,IOM,TFB,,#REF!,AA0852IOMTFB,240.5
AA0854,1050,-1000,1925,-700,MJI,TFB,,#REF!,AA0854MJITFB,211.87
AA0858,1130,-1000,2003,-700,PHH,TFB,,#REF!,AA0858PHHTFB,320.41
AA0859,1850,-700,2156,-1000,TFB,IOM,,#REF!,AA0859TFBIOM,129.17
AA0860,2135,-1000,620,-700,IOM,TFB,,#REF!,AA0860IOMTFB,179.29
AA0861,1105,-700,1400,-1000,QEY,PHH,,#REF!,AA0861QEYPHH,138.29
AA0862,1050,-1000,1913,-700,PHH,QEY,,#REF!,AA0862PHHQEY,237.78
AA0865,855,-700,1130,-1000,TKD,MJI,,#REF!,AA0865TKDMJI,113.57
AA0867,1720,-700,2022,-1000,TFB,PHH,,#REF!,AA0867TFBPHH,113.36
AA0870,1410,-800,1815,-1000,BOD,IOM,,#REF!,AA0870BODIOM,154.38
AA0871,2055,-1000,500,-800,IOM,BOD,,#REF!,AA0871IOMBOD,191.84
AA0875,935,-700,1245,-1000,TFB,MJI,,#REF!,AA0875TFBMJI,175.06
AA0877,730,-700,1026,-1000,QEY,IOM,,#REF!,AA0877QEYIOM,123.96
AA0878,2125,-1000,558,-700,PHH,TFB,,#REF!,AA0878PHHTFB,164.02
AA0879,720,-700,950,-1000,PBL,MJI,,#REF!,AA0879PBLMJI,165.83
AA0890,1345,-1000,2204,-700,PHH,TBO,,#REF!,AA0890PHHTBO,196.24
AA0891,1000,-700,1304,-1000,TBO,IOM,,#REF!,AA0891TBOIOM,191.5
AA0892,1520,-1000,2355,-700,IOM,TBO,,#REF!,AA0892IOMTBO,208.12
AA0893,740,-700,959,-1000,TKD,LPB,,#REF!,AA0893TKDLPB,136.13
AA0894,1430,-1000,2236,-700,LPB,TKD,,#REF!,AA0894LPBTKD,190.87
AA0895,1020,-700,1245,-1000,TKD,PHH,,#REF!,AA0895TKDPHH,173.69
AA3294,1230,-800,1530,-800,BOD,EVU,,#REF!,AA3294BODEVU,15.44
AA3295,1615,-800,1915,-800,EVU,BOD,,#REF!,AA3295EVUBOD,37.56
AA3296,1400,-800,1700,-800,BOD,EVU,,#REF!,AA3296BODEVU,23.17
AA3297,1745,-800,2045,-800,EVU,BOD,,#REF!,AA3297EVUBOD,39.74
AA3298,935,-800,1235,-800,BOD,EVU,,#REF!,AA3298BODEVU,24.13
AA3299,1320,-800,1620,-800,EVU,BOD,,#REF!,AA3299EVUBOD,35.66
AA3451,700,-700,915,-700,CVS,QEY,,#REF!,AA3451CVSQEY,84.18
AA3452,955,-700,1200,-700,QEY,CVS,,#REF!,AA3452QEYCVS,88.67
AA3453,1230,-700,1444,-700,CVS,QEY,,#REF!,AA3453CVSQEY,107.61
AA3454,1415,-700,1621,-700,QEY,CVS,,#REF!,AA3454QEYCVS,69.3
AA3455,1700,-700,1916,-700,CVS,QEY,,#REF!,AA3455CVSQEY,91.82
AA3460,700,-700,910,-700,QEY,POU,,#REF!,AA3460QEYPOU,64.91
AA3461,700,-700,925,-700,POU,QEY,,#REF!,AA3461POUQEY,69.44
AA3462,1525,-700,1736,-700,QEY,POU,,#REF!,AA3462QEYPOU,93.71
AA3463,945,-700,1159,-700,POU,QEY,,#REF!,AA3463POUQEY,111.59
AA3464,1955,-700,2211,-700,QEY,POU,,#REF!,AA3464QEYPOU,50.74
AA3465,1810,-700,2024,-700,POU,QEY,,#REF!,AA3465POUQEY,85.36
AA3472,700,-700,935,-700,TFB,MHC,,#REF!,AA3472TFBMHC,102.08
AA3473,1005,-700,1248,-700,MHC,TFB,,#REF!,AA3473MHCTFB,142.21
AA3474,1320,-700,1600,-700,TFB,MHC,,#REF!,AA3474TFBMHC,83.54
AA3475,1630,-700,1911,-700,MHC,TFB,,#REF!,AA3475MHCTFB,149.98
AA3476,1640,-700,1917,-700,TFB,MHC,,#REF!,AA3476TFBMHC,55.45
AA3477,1950,-700,2231,-700,MHC,TFB,,#REF!,AA3477MHCTFB,86.33
AA3478,1240,-700,1500,-700,QEY,MHC,,#REF!,AA3478QEYMHC,59.39
AA3479,1700,-700,1925,-700,MHC,QEY,,#REF!,AA3479MHCQEY,124.21
AA3481,1335,-700,1607,-700,TCB,TFB,,#REF!,AA3481TCBTFB,97.62
AA3482,1035,-700,1259,-700,TFB,TCB,,#REF!,AA3482TFBTCB,65.41
AA3488,1950,-700,2158,-700,QEY,CVS,,#REF!,AA3488QEYCVS,62.82
AA3490,1945,-700,2149,-700,TFB,GBU,,#REF!,AA3490TFBGBU,35.77
AA3491,750,-700,1005,-700,GBU,TFB,,#REF!,AA3491GBUTFB,88.01
BA2001,1820,-700,1900,-700,ZLN,TFB,,#REF!,BA2001ZLNTFB,32.5
BA2002,1710,-700,1749,-700,TFB,ZLN,,#REF!,BA2002TFBZLN,93.63
BA2011,1022,-700,1145,-700,TFB,NGS,,#REF!,BA2011TFBNGS,61.17
BA2014,1030,-700,1120,-700,QEY,TFB,,#REF!,BA2014QEYTFB,188.64
BA2015,1205,-700,1253,-700,TFB,QEY,,#REF!,BA2015TFBQEY,30.55
BA2018,1130,-700,1221,-700,QEY,TFB,,#REF!,BA2018QEYTFB,136
BA2019,2100,-700,2142,-700,QEY,SEN,,#REF!,BA2019QEYSEN,46.1
BA2024,1345,-700,1433,-700,TFB,ZWS,,#REF!,BA2024TFBZWS,39.86
BA2026,1700,-700,1747,-700,QEY,TFB,,#REF!,BA2026QEYTFB,50.16
BA2033,1145,-700,1235,-700,ZWS,TFB,,#REF!,BA2033ZWSTFB,66.47
BA2034,745,-700,828,-700,SEN,QEY,,#REF!,BA2034SENQEY,109.3
BA2039,1000,-700,1051,-700,TFB,QEY,,#REF!,BA2039TFBQEY,40.8
BA2040,1545,-700,1625,-700,FVH,QEY,,#REF!,BA2040FVHQEY,61.16
BA2042,2000,-700,2050,-700,QEY,TFB,,#REF!,BA2042QEYTFB,30.76
BA2043,1300,-700,1350,-700,TFB,QEY,,#REF!,BA2043TFBQEY,53.88
BA2044,1500,-700,1547,-700,QEY,TFB,,#REF!,BA2044QEYTFB,41.22
BA2045,2000,-700,2049,-700,TFB,QEY,,#REF!,BA2045TFBQEY,26.74
BA2046,1730,-700,1817,-700,QEY,TFB,,#REF!,BA2046QEYTFB,34.4
BA2047,1900,-700,1949,-700,TFB,QEY,,#REF!,BA2047TFBQEY,47.95
BA2048,700,-700,807,-700,QEY,HFH,,#REF!,BA2048QEYHFH,61.75
BA2049,1255,-700,1407,-700,HFH,QEY,,#REF!,BA2049HFHQEY,81.53
BA2051,1100,-700,1151,-700,TFB,QEY,,#REF!,BA2051TFBQEY,51.19
BA2052,1830,-700,1920,-700,QEY,TFB,,#REF!,BA2052QEYTFB,35.31
BA2055,2030,-700,2119,-700,TFB,QEY,,#REF!,BA2055TFBQEY,14.85
BA2056,2030,-700,2120,-700,QEY,TFB,,#REF!,BA2056QEYTFB,33.97
BA2057,1700,-700,1750,-700,TFB,QEY,,#REF!,BA2057TFBQEY,52.07
BA2061,1600,-700,1649,-700,TFB,QEY,,#REF!,BA2061TFBQEY,51.16
BA2064,1658,-700,1738,-700,TFB,FBU,,#REF!,BA2064TFBFBU,87.99
BA2068,1330,-700,1419,-700,QEY,TFB,,#REF!,BA2068QEYTFB,67.03
BA2069,1810,-700,1851,-700,FBU,TFB,,#REF!,BA2069FBUTFB,32.75
BA2071,700,-700,822,-700,TKD,MBY,,#REF!,BA2071TKDMBY,77.21
BA2076,1755,-700,1915,-700,MBY,TKD,,#REF!,BA2076MBYTKD,78.94
BA2077,1946,-700,2109,-700,TKD,MBY,,#REF!,BA2077TKDMBY,51.65
BA2078,2150,-700,2311,-700,MBY,TKD,,#REF!,BA2078MBYTKD,75.93
BA2079,1430,-700,1529,-700,BMX,TFB,,#REF!,BA2079BMXTFB,40.28
BA2081,1156,-700,1235,-700,QEY,FVH,,#REF!,BA2081QEYFVH,30.77
BA2082,1554,-700,1635,-700,SEN,QEY,,#REF!,BA2082SENQEY,46.01
BA2083,1440,-700,1524,-700,QEY,SEN,,#REF!,BA2083QEYSEN,25.51
BA2086,1955,-700,2049,-700,TFB,BMX,,#REF!,BA2086TFBBMX,38.65
BA2087,650,-700,749,-700,BMX,TFB,,#REF!,BA2087BMXTFB,76.33
BA2091,2100,-700,2159,-700,QEY,NGS,,#REF!,BA2091QEYNGS,56.34
BA2092,630,-700,719,-700,QEY,TFB,,#REF!,BA2092QEYTFB,188.57
BA2092,500,-700,558,-700,NGS,QEY,,#REF!,BA2092NGSQEY,59.66
BA2093,1725,-700,1824,-700,QEY,NGS,,#REF!,BA2093QEYNGS,60.92
BA2094,1855,-700,1954,-700,NGS,QEY,,#REF!,BA2094NGSQEY,69.95
BA2095,1230,-700,1329,-700,QEY,NGS,,#REF!,BA2095QEYNGS,61.41
BA2096,1300,-700,1359,-700,TFB,BMX,,#REF!,BA2096TFBBMX,40.01
BA2098,1400,-700,1457,-700,NGS,QEY,,#REF!,BA2098NGSQEY,67.57
BA2100,2240,-700,2328,-700,TFB,QTD,,#REF!,BA2100TFBQTD,51.09
BA2101,600,-700,652,-700,QTD,TFB,,#REF!,BA2101QTDTFB,94.5
BA2102,745,-700,835,-700,TFB,QTD,,#REF!,BA2102TFBQTD,36.89
BA2103,905,-700,957,-700,QTD,TFB,,#REF!,BA2103QTDTFB,126.29
BA2104,1005,-700,1055,-700,TFB,QTD,,#REF!,BA2104TFBQTD,24.38
BA2105,1125,-700,1217,-700,QTD,TFB,,#REF!,BA2105QTDTFB,94.18
BA2106,1335,-700,1428,-700,TFB,QTD,,#REF!,BA2106TFBQTD,75.08
BA2107,1500,-700,1552,-700,QTD,TFB,,#REF!,BA2107QTDTFB,44.59
BA2108,1610,-700,1700,-700,TFB,QTD,,#REF!,BA2108TFBQTD,56.4
BA2109,1730,-700,1822,-700,QTD,TFB,,#REF!,BA2109QTDTFB,46.58
BA2110,1835,-700,1924,-700,TFB,QTD,,#REF!,BA2110TFBQTD,36.39
BA2111,1955,-700,2046,-700,QTD,TFB,,#REF!,BA2111QTDTFB,20.63
BA2114,2038,-700,2323,-600,TFB,ZZD,,#REF!,BA2114TFBZZD,31.65
BA2115,630,-600,719,-700,ZZD,TFB,,#REF!,BA2115ZZDTFB,35.47
BA2116,910,-700,1156,-600,TFB,ZZD,,#REF!,BA2116TFBZZD,56.07
BA2117,1240,-600,1328,-700,ZZD,TFB,,#REF!,BA2117ZZDTFB,43.83
BA2118,1420,-700,1705,-600,TFB,ZZD,,#REF!,BA2118TFBZZD,48.57
BA2119,1745,-600,1834,-700,ZZD,TFB,,#REF!,BA2119ZZDTFB,29.91
BA2121,730,-700,821,-700,TFB,QEY,,#REF!,BA2121TFBQEY,71.57
BA2129,800,-700,850,-700,TFB,QEY,,#REF!,BA2129TFBQEY,49.83
BA2130,1900,-700,1950,-700,QEY,TFB,,#REF!,BA2130QEYTFB,31.09
BA2132,1600,-700,1649,-700,QEY,TFB,,#REF!,BA2132QEYTFB,58.13
BA2133,1540,-600,1611,-700,CPJ,TFB,,#REF!,BA2133CPJTFB,65.41
BA2134,2255,-700,2336,-700,TFB,FBU,,#REF!,BA2134TFBFBU,45.51
BA2135,2130,-700,2217,-700,TFB,QEY,,#REF!,BA2135TFBQEY,27.5
BA2136,710,-700,933,-600,TFB,CPJ,,#REF!,BA2136TFBCPJ,112.56
BA2138,2100,-700,2159,-700,TFB,HFH,,#REF!,BA2138TFBHFH,23.58
BA2140,1633,-700,1900,-600,TFB,CPJ,,#REF!,BA2140TFBCPJ,50.18
BA2142,1740,-700,2007,-600,TFB,CPJ,,#REF!,BA2142TFBCPJ,20.06
BA2148,1240,-700,1510,-600,TFB,CPJ,,#REF!,BA2148TFBCPJ,71.8
BA2151,1500,-700,1551,-700,TFB,QEY,,#REF!,BA2151TFBQEY,58.85
BA2155,600,-700,641,-700,FBU,TFB,,#REF!,BA2155FBUTFB,77.95
BA2158,950,-700,1029,-700,TFB,FBU,,#REF!,BA2158TFBFBU,19.94
BA2159,1105,-700,1149,-700,FBU,TFB,,#REF!,BA2159FBUTFB,64.2
BA2162,1630,-700,1719,-700,QEY,TFB,,#REF!,BA2162QEYTFB,35.18
BA2167,1205,-700,1329,-700,TKD,QTQ,,#REF!,BA2167TKDQTQ,23.36
BA2167,920,-700,1128,-700,QEY,TKD,,#REF!,BA2167QEYTKD,138.15
BA2168,1620,-700,1821,-700,TKD,QEY,,#REF!,BA2168TKDQEY,58.38
BA2168,1405,-700,1541,-700,QTQ,TKD,,#REF!,BA2168QTQTKD,48.41
BA2170,1430,-700,1519,-700,QEY,TFB,,#REF!,BA2170QEYTFB,47.67
BA2172,930,-700,1019,-700,QEY,TFB,,#REF!,BA2172QEYTFB,169.76
BA2174,2130,-700,2221,-700,QEY,TFB,,#REF!,BA2174QEYTFB,17.24
BA2175,2300,-700,2345,-700,TFB,QEY,,#REF!,BA2175TFBQEY,27.54
BA2179,1725,-700,1824,-700,TFB,SEN,,#REF!,BA2179TFBSEN,42.89
BA2181,1400,-700,1452,-700,TFB,QEY,,#REF!,BA2181TFBQEY,34.41
BA2192,1800,-700,1858,-700,TFB,HFH,,#REF!,BA2192TFBHFH,38.24
BA2193,1930,-700,2034,-700,HFH,TFB,,#REF!,BA2193HFHTFB,49.92
BA2196,1537,-700,1648,-700,MBY,NNI,,#REF!,BA2196MBYNNI,38.15
BA2199,1718,-700,1832,-700,NNI,MBY,,#REF!,BA2199NNIMBY,47.52
BA2202,945,-700,1023,-700,TFB,ZLN,,#REF!,BA2202TFBZLN,19.43
BA2203,1055,-700,1137,-700,ZLN,TFB,,#REF!,BA2203ZLNTFB,77.81
BA2204,2300,-700,2353,-700,TFB,ZWS,,#REF!,BA2204TFBZWS,25.06
BA2207,600,-700,640,-700,ZLN,TFB,,#REF!,BA2207ZLNTFB,108.99
BA2208,2255,-700,2335,-700,TFB,ZLN,,#REF!,BA2208TFBZLN,51.89
BA2213,1755,-700,1902,-700,QVX,TFB,,#REF!,BA2213QVXTFB,32.88
BA2214,2216,-700,2317,-700,TFB,QVX,,#REF!,BA2214TFBQVX,22.89
BA2214,2337,-700,2358,-700,QVX,MXT,,#REF!,BA2214QVXMXT,0
BA2215,600,-700,622,-700,MXT,QVX,,#REF!,BA2215MXTQVX,1
BA2215,645,-700,753,-700,QVX,TFB,,#REF!,BA2215QVXTFB,149.61
BA2216,945,-700,1050,-700,TFB,QVX,,#REF!,BA2216TFBQVX,17.69
BA2217,1420,-700,1524,-700,TFB,MXT,,#REF!,BA2217TFBMXT,42.02
BA2217,1555,-700,1745,-600,MXT,CPJ,,#REF!,BA2217MXTCPJ,24.23
BA2218,1845,-700,1955,-700,MXT,TFB,,#REF!,BA2218MXTTFB,25.09
BA2218,1823,-600,1815,-700,CPJ,MXT,,#REF!,BA2218CPJMXT,28.35
BA2219,1120,-700,1228,-700,QVX,TFB,,#REF!,BA2219QVXTFB,64.37
BA2220,1620,-700,1725,-700,TFB,QVX,,#REF!,BA2220TFBQVX,37.82
BA2222,1155,-700,1259,-700,SEN,TFB,,#REF!,BA2222SENTFB,81.02
BA2223,1536,-700,1753,-600,QEY,CPJ,,#REF!,BA2223QEYCPJ,70.52
BA2225,1900,-700,2004,-700,HFH,TFB,,#REF!,BA2225HFHTFB,38.93
BA2227,620,-700,710,-700,ZWS,TFB,,#REF!,BA2227ZWSTFB,44.4
BA2231,1630,-600,1700,-700,CPJ,TFB,,#REF!,BA2231CPJTFB,63.44
BA2232,2140,-700,2250,-700,QEY,ZWS,,#REF!,BA2232QEYZWS,15.77
BA2233,1635,-700,1726,-700,ZWS,TFB,,#REF!,BA2233ZWSTFB,40.22
BA2234,1000,-700,1100,-700,TFB,HFH,,#REF!,BA2234TFBHFH,27.32
BA2235,1130,-700,1234,-700,HFH,TFB,,#REF!,BA2235HFHTFB,116.02
BA2236,1310,-700,1350,-700,SEN,QEY,,#REF!,BA2236SENQEY,43.91
BA2237,1250,-600,1321,-700,CPJ,TFB,,#REF!,BA2237CPJTFB,115.44
BA2239,1930,-600,2003,-700,CPJ,TFB,,#REF!,BA2239CPJTFB,40.83
BA2241,1530,-700,1634,-700,HFH,TFB,,#REF!,BA2241HFHTFB,71.04
BA2242,1845,-700,1933,-700,TFB,ZWS,,#REF!,BA2242TFBZWS,45.63
BA2243,2009,-700,2100,-700,ZWS,TFB,,#REF!,BA2243ZWSTFB,30.88
BA2246,730,-700,822,-700,QEY,TFB,,#REF!,BA2246QEYTFB,188.37
BA2248,1700,-700,1759,-700,TFB,HFH,,#REF!,BA2248TFBHFH,39.26
BA2249,1830,-700,1937,-700,HFH,TFB,,#REF!,BA2249HFHTFB,45.76
BA2250,705,-700,910,-700,SOP,TFB,,#REF!,BA2250SOPTFB,106.27
BA2255,1915,-700,2112,-700,TFB,SOP,,#REF!,BA2255TFBSOP,41.44
BA2259,1500,-700,1700,-700,TFB,SOP,,#REF!,BA2259TFBSOP,72.62
BA2264,720,-700,812,-700,TFB,ZWS,,#REF!,BA2264TFBZWS,17.4
BA2265,850,-700,940,-700,ZWS,TFB,,#REF!,BA2265ZWSTFB,98.52
BA2266,1045,-700,1137,-700,TFB,ZWS,,#REF!,BA2266TFBZWS,38.92
BA2267,1230,-700,1321,-700,ZWS,TFB,,#REF!,BA2267ZWSTFB,37.22
BA2268,2130,-700,2354,-600,TFB,CPJ,,#REF!,BA2268TFBCPJ,47.1
BA2269,645,-600,721,-700,CPJ,TFB,,#REF!,BA2269CPJTFB,148.29
BA2270,1900,-700,1959,-700,TFB,HFH,,#REF!,BA2270TFBHFH,38.51
BA2273,1025,-700,1123,-700,TFB,SEN,,#REF!,BA2273TFBSEN,44.1
BA2278,1855,-700,1958,-700,SEN,TFB,,#REF!,BA2278SENTFB,27.97
BA2280,650,-700,752,-700,FVH,TFB,,#REF!,BA2280FVHTFB,87.47
BA2281,2255,-700,2355,-700,TFB,FVH,,#REF!,BA2281TFBFVH,37.12
BA2284,1325,-700,1550,-600,TFB,GDB,,#REF!,BA2284TFBGDB,64.97
BA2285,1620,-600,1650,-700,GDB,TFB,,#REF!,BA2285GDBTFB,54.7
BA2288,2135,-700,2356,-600,TFB,GDB,,#REF!,BA2288TFBGDB,50.48
BA2289,600,-600,630,-700,GDB,TFB,,#REF!,BA2289GDBTFB,66.2
BA2294,605,-700,708,-700,SEN,TFB,,#REF!,BA2294SENTFB,98.53
BA2295,825,-700,927,-700,TFB,FVH,,#REF!,BA2295TFBFVH,34.56
BA2296,1000,-700,1106,-700,FVH,TFB,,#REF!,BA2296FVHTFB,145.13
BA2297,2225,-700,2326,-700,TFB,SEN,,#REF!,BA2297TFBSEN,30.99
BA2298,1854,-700,1957,-700,FVH,TFB,,#REF!,BA2298FVHTFB,36.43
BA2299,1720,-700,1822,-700,TFB,FVH,,#REF!,BA2299TFBFVH,50.67
BA2301,1830,-600,1850,-700,CPJ,QEY,,#REF!,BA2301CPJQEY,63.44
BA2302,2045,-700,2351,-600,TFB,CJM,,#REF!,BA2302TFBCJM,47.59
BA2311,635,-700,855,-600,QEY,CPJ,,#REF!,BA2311QEYCPJ,61.52
BA2314,1510,-700,1559,-700,TFB,ZWS,,#REF!,BA2314TFBZWS,27.07
BA2321,620,-600,651,-600,IMO,HUG,,#REF!,BA2321IMOHUG,0
BA2321,715,-600,806,-700,HUG,TFB,,#REF!,BA2321HUGTFB,24.28
BA2324,2025,-700,2306,-600,TFB,HUG,,#REF!,BA2324TFBHUG,41.63
BA2324,2326,-600,2357,-600,HUG,IMO,,#REF!,BA2324HUGIMO,0
BA2325,1156,-700,1236,-700,QEY,SEN,,#REF!,BA2325QEYSEN,41.1
BA2326,1530,-600,1620,-700,IMO,TFB,,#REF!,BA2326IMOTFB,44.6
BA2326,1115,-700,1357,-600,TFB,HUG,,#REF!,BA2326TFBHUG,39.54
BA2326,1427,-600,1456,-600,HUG,IMO,,#REF!,BA2326HUGIMO,0.99
BA2327,1030,-700,1135,-700,HFH,TFB,,#REF!,BA2327HFHTFB,113.28
BA2328,930,-700,1029,-700,NGS,QEY,,#REF!,BA2328NGSQEY,89.28
BA2329,800,-700,859,-700,QEY,NGS,,#REF!,BA2329QEYNGS,62.07
BA2331,1230,-700,1334,-700,HFH,TFB,,#REF!,BA2331HFHTFB,103.71
BA2332,1100,-700,1200,-700,TFB,HFH,,#REF!,BA2332TFBHFH,23.81
BA2338,520,-700,600,-700,FVH,QEY,,#REF!,BA2338FVHQEY,107.09
BA2339,2040,-700,2117,-700,QEY,FVH,,#REF!,BA2339QEYFVH,31.94
BA2340,2135,-700,2359,-600,TFB,NTP,,#REF!,BA2340TFBNTP,36.22
BA2347,700,-600,730,-700,NTP,TFB,,#REF!,BA2347NTPTFB,132.23
BA2348,1030,-700,1255,-600,TFB,NTP,,#REF!,BA2348TFBNTP,64.09
BA2349,1325,-600,1354,-700,NTP,TFB,,#REF!,BA2349NTPTFB,97.6
BA2350,1115,-700,1225,-700,QEY,HFH,,#REF!,BA2350QEYHFH,36.36
BA2351,610,-700,725,-700,HFH,QEY,,#REF!,BA2351HFHQEY,105.16
BA2352,900,-700,1007,-700,QEY,HFH,,#REF!,BA2352QEYHFH,42.21
BA2353,840,-700,953,-700,HFH,QEY,,#REF!,BA2353HFHQEY,108.92
BA2354,1350,-700,1456,-700,QEY,HFH,,#REF!,BA2354QEYHFH,56.79
BA2355,1526,-700,1639,-700,HFH,QEY,,#REF!,BA2355HFHQEY,81.17
BA2356,1715,-700,1825,-700,QEY,HFH,,#REF!,BA2356QEYHFH,40.7
BA2357,1855,-700,2008,-700,HFH,QEY,,#REF!,BA2357HFHQEY,60.85
BA2358,2100,-700,2208,-700,QEY,HFH,,#REF!,BA2358QEYHFH,37.59
BA2359,1040,-700,1153,-700,HFH,QEY,,#REF!,BA2359HFHQEY,92.54
BA2363,1735,-600,1810,-700,CPJ,TFB,,#REF!,BA2363CPJTFB,51.56
BA2368,1815,-700,2042,-600,TFB,CPJ,,#REF!,BA2368TFBCPJ,48.57
BA2369,830,-700,934,-700,HFH,TFB,,#REF!,BA2369HFHTFB,97.1
BA2370,1440,-700,1641,-700,TKD,QEY,,#REF!,BA2370TKDQEY,65.27
BA2371,500,-700,604,-700,HFH,TFB,,#REF!,BA2371HFHTFB,122.8
BA2372,700,-700,800,-700,TFB,HFH,,#REF!,BA2372TFBHFH,63.96
BA2377,1205,-700,1409,-700,QEY,TKD,,#REF!,BA2377QEYTKD,49.44
BA2378,900,-700,1000,-700,TFB,HFH,,#REF!,BA2378TFBHFH,50.96
BA2380,2300,-700,2342,-700,TFB,ZZK,,#REF!,BA2380TFBZZK,74.2
BA2381,600,-700,640,-700,ZZK,TFB,,#REF!,BA2381ZZKTFB,76.05
BA2382,745,-700,829,-700,TFB,ZZK,,#REF!,BA2382TFBZZK,18.31
BA2383,905,-700,945,-700,ZZK,TFB,,#REF!,BA2383ZZKTFB,102.06
BA2384,1100,-700,1145,-700,TFB,ZZK,,#REF!,BA2384TFBZZK,24
BA2385,1220,-700,1301,-700,ZZK,TFB,,#REF!,BA2385ZZKTFB,46.84
BA2386,1420,-700,1504,-700,TFB,ZZK,,#REF!,BA2386TFBZZK,95.05
BA2387,1540,-700,1620,-700,ZZK,TFB,,#REF!,BA2387ZZKTFB,26.39
BA2388,1732,-700,1815,-700,TFB,ZZK,,#REF!,BA2388TFBZZK,35.37
BA2389,1850,-700,1930,-700,ZZK,TFB,,#REF!,BA2389ZZKTFB,27.97
BA2390,950,-700,1219,-600,TFB,CPJ,,#REF!,BA2390TFBCPJ,83.61
BA2391,925,-600,957,-700,CPJ,TFB,,#REF!,BA2391CPJTFB,178.67
BA2392,800,-700,900,-700,TFB,HFH,,#REF!,BA2392TFBHFH,55.28
BA2393,930,-700,1034,-700,HFH,TFB,,#REF!,BA2393HFHTFB,134.29
BA2396,1630,-700,1855,-600,TFB,NTP,,#REF!,BA2396TFBNTP,53.36
BA2397,1925,-600,1954,-700,NTP,TFB,,#REF!,BA2397NTPTFB,54.64
BA2399,2100,-600,2133,-700,CPJ,TFB,,#REF!,BA2399CPJTFB,21.47
BA2400,1217,-700,1523,-600,TFB,CJM,,#REF!,BA2400TFBCJM,85.43
BA2401,1558,-600,1720,-700,CJM,TFB,,#REF!,BA2401CJMTFB,79.77
BA2403,930,-700,1052,-700,TKD,MBY,,#REF!,BA2403TKDMBY,80.3
BA2403,800,-600,855,-700,CPJ,TKD,,#REF!,BA2403CPJTKD,76.81
BA2404,1110,-700,1352,-600,TKD,CPJ,,#REF!,BA2404TKDCPJ,43.37
BA2404,915,-700,1035,-700,MBY,TKD,,#REF!,BA2404MBYTKD,85.4
BA2405,1215,-600,1253,-700,CPJ,TNG,,#REF!,BA2405CPJTNG,46.47
BA2408,1200,-700,1252,-700,TFB,ZWS,,#REF!,BA2408TFBZWS,59.42
BA2409,1330,-700,1420,-700,ZWS,TFB,,#REF!,BA2409ZWSTFB,60.54
BA2410,1600,-700,1700,-700,TFB,HFH,,#REF!,BA2410TFBHFH,29.3
BA2411,1730,-700,1834,-700,HFH,TFB,,#REF!,BA2411HFHTFB,71.42
BA2412,1323,-700,1555,-600,TNG,CPJ,,#REF!,BA2412TNGCPJ,49.85
BA2420,2020,-700,2229,-700,MBY,NGS,,#REF!,BA2420MBYNGS,92.88
BA2422,1005,-600,1028,-700,CPJ,QEY,,#REF!,BA2422CPJQEY,98.76
BA2426,1435,-700,1704,-600,TFB,CPJ,,#REF!,BA2426TFBCPJ,70.92
BA2428,1215,-700,1337,-700,NGS,TFB,,#REF!,BA2428NGSTFB,74.59
BA2429,600,-700,700,-700,ZMX,TFB,,#REF!,BA2429ZMXTFB,73.98
BA2430,2250,-700,2354,-700,TFB,ZMX,,#REF!,BA2430TFBZMX,73.28
BA2433,600,-600,720,-700,CJM,TFB,,#REF!,BA2433CJMTFB,73.08
BA2435,1510,-700,1622,-700,ZWS,QEY,,#REF!,BA2435ZWSQEY,65.09
BA2438,1400,-700,1500,-700,TFB,HFH,,#REF!,BA2438TFBHFH,33.07
BA2441,730,-700,930,-700,TFB,SOP,,#REF!,BA2441TFBSOP,56.31
BA2442,1000,-700,1205,-700,SOP,TFB,,#REF!,BA2442SOPTFB,110.43
BA2444,1300,-700,1400,-700,TFB,HFH,,#REF!,BA2444TFBHFH,24.04
BA2445,700,-700,804,-700,HFH,TFB,,#REF!,BA2445HFHTFB,117.3
BA2448,1730,-700,1931,-700,SOP,TFB,,#REF!,BA2448SOPTFB,100.04
BA2450,1000,-700,1110,-700,QEY,ZWS,,#REF!,BA2450QEYZWS,55.79
BA2451,700,-700,813,-700,ZWS,QEY,,#REF!,BA2451ZWSQEY,31.4
BA2452,600,-700,722,-700,NGS,TFB,,#REF!,BA2452NGSTFB,51.35
BA2455,700,-600,801,-700,CAO,TFB,,#REF!,BA2455CAOTFB,82.25
BA2459,1550,-600,1650,-700,CAO,TFB,,#REF!,BA2459CAOTFB,61.4
BA2460,1230,-700,1519,-600,TFB,CAO,,#REF!,BA2460TFBCAO,56.44
BA2461,2240,-700,2359,-700,TFB,NGS,,#REF!,BA2461TFBNGS,37.69
BA2462,2025,-700,2314,-600,TFB,CAO,,#REF!,BA2462TFBCAO,36.23
BA2467,630,-700,801,-700,TUT,MBY,,#REF!,BA2467TUTMBY,94
BA2472,1915,-700,2049,-700,MBY,TUT,,#REF!,BA2472MBYTUT,77.66
BA2473,955,-700,1139,-700,QEY,TUT,,#REF!,BA2473QEYTUT,62.31
BA2473,830,-700,921,-700,TFB,QEY,,#REF!,BA2473TFBQEY,35.29
BA2473,1212,-700,1355,-700,TUT,MBT,,#REF!,BA2473TUTMBT,68.84
BA2474,1040,-700,1246,-700,TUT,TFB,,#REF!,BA2474TUTTFB,100.5
BA2474,835,-700,1008,-700,MBY,TUT,,#REF!,BA2474MBYTUT,71.66
BA2475,1550,-700,1722,-700,TUT,MBY,,#REF!,BA2475TUTMBY,111.4
BA2475,1310,-700,1520,-700,TFB,TUT,,#REF!,BA2475TFBTUT,74.55
BA2478,1440,-700,1640,-700,MBT,TUT,,#REF!,BA2478MBTTUT,84.5
BA2478,1930,-700,2020,-700,QEY,TFB,,#REF!,BA2478QEYTFB,13.36
BA2478,1710,-700,1852,-700,TUT,QEY,,#REF!,BA2478TUTQEY,42.19
BA2479,1515,-700,1620,-700,ZMX,TFB,,#REF!,BA2479ZMXTFB,46.36
BA2483,500,-700,536,-700,CMJ,TFB,,#REF!,BA2483CMJTFB,106.35
BA2484,800,-700,842,-700,TFB,CMJ,,#REF!,BA2484TFBCMJ,5.66
BA2485,915,-700,955,-700,CMJ,TFB,,#REF!,BA2485CMJTFB,149.23
BA2486,1147,-700,1227,-700,TFB,CMJ,,#REF!,BA2486TFBCMJ,39.82
BA2487,1257,-700,1337,-700,CMJ,TFB,,#REF!,BA2487CMJTFB,109.56
BA2488,1355,-700,1436,-700,TFB,CMJ,,#REF!,BA2488TFBCMJ,61.41
BA2489,1510,-700,1550,-700,CMJ,TFB,,#REF!,BA2489CMJTFB,86.95
BA2490,1755,-700,1834,-700,TFB,CMJ,,#REF!,BA2490TFBCMJ,38.47
BA2491,1905,-700,1943,-700,CMJ,TFB,,#REF!,BA2491CMJTFB,27.65
BA2492,1950,-700,2028,-700,TFB,CMJ,,#REF!,BA2492TFBCMJ,26.81
BA2493,700,-700,740,-700,CMJ,TFB,,#REF!,BA2493CMJTFB,110.57
BA2494,2305,-700,2346,-700,TFB,CMJ,,#REF!,BA2494TFBCMJ,60.67
BA2495,1430,-700,1534,-700,HFH,TFB,,#REF!,BA2495HFHTFB,59.25
BA2500,910,-700,1118,-700,TGP,QEY,,#REF!,BA2500TGPQEY,89.86
BA2502,615,-600,642,-700,CPJ,QEY,,#REF!,BA2502CPJQEY,160.99
BA2506,1500,-700,1600,-700,TFB,HFH,,#REF!,BA2506TFBHFH,38.59
BA2509,1630,-700,1733,-700,HFH,TFB,,#REF!,BA2509HFHTFB,82.02
BA2513,925,-700,1144,-600,QEY,CPJ,,#REF!,BA2513QEYCPJ,40.05
BA2514,1355,-600,1418,-700,CPJ,QEY,,#REF!,BA2514CPJQEY,36.57
BA2517,1515,-700,1722,-700,QEY,TGP,,#REF!,BA2517QEYTGP,78.24
BA2523,625,-700,835,-700,QEY,TGP,,#REF!,BA2523QEYTGP,97.05
BA2526,940,-700,1123,-700,TNG,QEY,,#REF!,BA2526TNGQEY,85.26
BA2532,1101,-700,1311,-700,GBU,QEY,,#REF!,BA2532GBUQEY,73.31
BA2533,1615,-700,1825,-700,QEY,GBU,,#REF!,BA2533QEYGBU,43.06
BA2534,1855,-700,2127,-700,GBU,TFB,,#REF!,BA2534GBUTFB,63.64
BA2537,1105,-700,1324,-600,QEY,CPJ,,#REF!,BA2537QEYCPJ,54.23
BA2538,1500,-600,1524,-700,CPJ,QEY,,#REF!,BA2538CPJQEY,32.18
BA2539,805,-700,1031,-700,TFB,GBU,,#REF!,BA2539TFBGBU,75.94
BA2541,940,-700,1123,-700,QEY,TNG,,#REF!,BA2541QEYTNG,76.93
BA2542,945,-700,1243,-600,TFB,ZFH,,#REF!,BA2542TFBZFH,43.87
BA2543,1323,-600,1420,-700,ZFH,TFB,,#REF!,BA2543ZFHTFB,63.72
BA2544,530,-700,619,-700,QEY,TFB,,#REF!,BA2544QEYTFB,174.21
BA2545,700,-700,750,-700,TFB,QEY,,#REF!,BA2545TFBQEY,58.26
BA2546,615,-700,815,-700,TKD,QEY,,#REF!,BA2546TKDQEY,66.85
BA2563,1725,-700,1929,-700,QEY,PBL,,#REF!,BA2563QEYPBL,46.76
BA2565,725,-700,909,-700,QEY,TNG,,#REF!,BA2565QEYTNG,101.27
BA2570,830,-700,919,-700,QEY,TFB,,#REF!,BA2570QEYTFB,138.93
BA2571,630,-700,839,-700,QEY,PBL,,#REF!,BA2571QEYPBL,77.76
BA2573,1800,-700,1851,-700,TFB,QEY,,#REF!,BA2573TFBQEY,64.53
BA2574,2000,-700,2153,-700,PBL,QEY,,#REF!,BA2574PBLQEY,28.99
BA2576,1205,-700,1352,-700,TNG,QEY,,#REF!,BA2576TNGQEY,78.61
BA2579,635,-600,736,-700,ZFH,TFB,,#REF!,BA2579ZFHTFB,42.8
BA2580,2038,-700,2334,-600,TFB,ZFH,,#REF!,BA2580TFBZFH,50.61
BA2583,1816,-600,1920,-700,ZFH,TFB,,#REF!,BA2583ZFHTFB,30.95
BA2584,1437,-700,1734,-600,TFB,ZFH,,#REF!,BA2584TFBZFH,83.32
BA2589,925,-700,1124,-700,QEY,PBL,,#REF!,BA2589QEYPBL,54.78
BA2593,1955,-700,2215,-600,QEY,CPJ,,#REF!,BA2593QEYCPJ,37.08
BA2594,1730,-700,1828,-700,TFB,HFH,,#REF!,BA2594TFBHFH,19.97
BA2603,1000,-700,1340,-600,MBY,MBQ,,#REF!,BA2603MBYMBQ,35.16
BA2604,1425,-600,1622,-700,MBQ,MBY,,#REF!,BA2604MBQMBY,76.11
BA2609,1430,-700,1632,-700,QEY,PBL,,#REF!,BA2609QEYPBL,55.56
BA2609,1311,-700,1354,-700,FVH,QEY,,#REF!,BA2609FVHQEY,71.8
BA2610,1705,-700,1900,-700,PBL,QEY,,#REF!,BA2610PBLQEY,59.61
BA2614,1800,-700,2007,-700,TGP,QEY,,#REF!,BA2614TGPQEY,127.87
BA2617,1930,-700,2135,-700,QEY,TKD,,#REF!,BA2617QEYTKD,42.54
BA2618,1705,-700,1848,-700,TNG,QEY,,#REF!,BA2618TNGQEY,73.29
BA2624,1230,-700,1320,-700,QEY,TFB,,#REF!,BA2624QEYTFB,121.94
BA2627,1930,-700,2019,-700,TFB,QEY,,#REF!,BA2627TFBQEY,31.88
BA2629,600,-700,650,-700,TFB,QEY,,#REF!,BA2629TFBQEY,54.64
BA2631,630,-700,721,-700,TFB,QEY,,#REF!,BA2631TFBQEY,24.07
BA2632,1920,-700,2103,-700,TNG,QEY,,#REF!,BA2632TNGQEY,50.4
BA2633,1450,-700,1633,-700,QEY,TNG,,#REF!,BA2633QEYTNG,73.92
BA2634,1300,-700,1506,-700,TGP,QEY,,#REF!,BA2634TGPQEY,95.8
BA2635,900,-700,950,-700,TFB,QEY,,#REF!,BA2635TFBQEY,62.82
BA2635,1020,-700,1225,-700,QEY,TGP,,#REF!,BA2635QEYTGP,96.15
BA2636,910,-700,1107,-700,PBL,QEY,,#REF!,BA2636PBLQEY,58.41
BA2637,940,-700,1210,-700,TFB,PBL,,#REF!,BA2637TFBPBL,83.18
BA2638,1240,-700,1500,-700,PBL,TFB,,#REF!,BA2638PBLTFB,115.16
BA2642,1530,-700,1617,-700,QEY,TFB,,#REF!,BA2642QEYTFB,50.92
BA2644,1432,-700,1512,-700,QEY,FVH,,#REF!,BA2644QEYFVH,22.36
BA2644,1200,-700,1354,-700,PBL,QEY,,#REF!,BA2644PBLQEY,74.15
BA2645,1705,-700,1850,-700,QEY,TNG,,#REF!,BA2645QEYTNG,45.35
BA2670,1335,-700,1435,-700,TFB,ZMX,,#REF!,BA2670TFBZMX,68.36
BA2700,2016,-700,2230,-700,NGS,MBY,,#REF!,BA2700NGSMBY,146.51
AA2701,645,-800,1243,-700,BOD,MBT,,#REF!,AA2701BODMBT,146.51
AA2702,2355,-1000,935,-700,IOM,CMJ,,#REF!,AA2702IOMCMJ,146.51
